{"nominal": {"NE": 19821, "BL": 2748, "SM": 1036, "DN": 18948, "CW": 5429, "WA": 7927, "CA": 5548, "S": 23063, "DE": 11887, "SP": 4181, "DT": 4820, "TW": 2063, "KT": 3518, "NG": 17653, "WN": 3799, "WC": 33, "CB": 9586, "BA": 8219, "BB": 6141, "HX": 1603, "SG": 5727, "ML": 3210, "SN": 7039, "FK": 5406, "GL": 11632, "PA": 2750, "SR": 5674, "CR": 1904, "CO": 10403, "DL": 7017, "CT": 5775, "ME": 6101, "IG": 1310, "CV": 8285, "HP": 5068, "DY": 3793, "UNKNOWN": 14102, "HA": 1390, "LA": 4175, "EN": 1643, "AB": 6925, "PL": 16221, "RG": 9135, "DD": 2949, "TR": 8333, "WF": 8330, "PR": 6691, "E": 2479, "AL": 2436, "OL": 4962, "ST": 12167, "SA": 12946, "BN": 9814, "NR": 16130, "SE": 2041, "TA": 7356, "HG": 1937, "EX": 16351, "HR": 4406, "L": 8003, "KA": 3617, "HU": 5697, "KW": 1044, "LL": 11050, "W": 728, "NP": 9421, "WD": 1529, "GU": 8974, "RM": 3445, "DA": 3932, "IV": 4048, "MK": 7018, "EC": 35, "BD": 4775, "WR": 5647, "LU": 2733, "M": 13562, "PE": 24290, "TN": 9545, "SL": 2850, "CM": 8139, "LN": 7047, "G": 7399, "SW": 1584, "KY": 4378, "LS": 7911, "BS": 15975, "CH": 7374, "EH": 6648, "WV": 3017, "LD": 1372, "DH": 6258, "TF": 3478, "SK": 8268, "PO": 11659, "HD": 2998, "SO": 9865, "HS": 276, "DG": 2880, "TQ": 7108, "SY": 8141, "TS": 9728, "FY": 2171, "WS": 4641, "CF": 12721, "SS": 4524, "B": 14214, "ZE": 51, "YO": 11637, "OX": 8764, "N": 1636, "RH": 7265, "LE": 15105, "PH": 2951, "TD": 3315, "NN": 11165, "UB": 1520, "NW": 896, "BR": 1685, "IP": 15198, "BH": 9757}, "percent": {"NE": 0.9896150581656598, "BL": 0.9970972423802612, "SM": 0.9923371647509579, "DN": 0.9989455925769718, "CW": 1.0, "WA": 0.9861905946752924, "CA": 0.9987398739873987, "S": 0.9992201377756597, "DE": 0.9889351081530782, "SP": 0.9928758014723343, "DT": 0.9956620532947738, "ZE": 1.0, "TW": 0.9985479186834463, "KT": 0.9985807550383197, "SG": 0.992375671460752, "WN": 1.0, "TQ": 0.9978941457251158, "WC": 0.9705882352941176, "CB": 0.9899824434576061, "BA": 0.9923931417531997, "BB": 0.99951171875, "KW": 1.0, "NG": 0.7979839074224754, "ML": 0.9996885705387729, "SN": 0.9804986766959186, "FK": 0.9904727006229388, "GL": 0.9960609693440657, "PA": 0.9992732558139535, "LA": 0.9997605363984674, "CR": 0.9984268484530676, "CO": 0.9516099524332235, "DL": 0.999857509261898, "CT": 0.9608985024958403, "RM": 0.9979721900347625, "IG": 0.9977151561309977, "CV": 0.8733003056814589, "HP": 0.9962649891881266, "DY": 0.9501503006012024, "UNKNOWN": 1.0, "SR": 0.9998237885462555, "EN": 0.9993917274939172, "AB": 1.0, "PL": 0.9962535315071859, "OX": 0.9793272991395686, "TR": 0.9958173996175909, "WF": 0.9908409658617818, "PR": 0.9997011803376662, "E": 0.9892258579409418, "AL": 1.0, "OL": 1.0, "ST": 0.9996713499301618, "SA": 0.9841125047510453, "BN": 0.9880197322057788, "NR": 0.9958019508581306, "SE": 0.9686758424299953, "TA": 0.8875482625482626, "HG": 1.0, "EX": 0.9372348962512896, "HR": 0.999092970521542, "L": 0.9998750624687656, "KA": 1.0, "HU": 0.9998244998244998, "HX": 1.0, "WR": 0.994015138179898, "LL": 0.9962134871979805, "W": 0.9958960328317373, "NP": 0.9946157094594594, "WD": 0.9986936642717178, "GU": 0.9996658126322825, "ME": 0.9975474166121648, "DA": 0.966093366093366, "IV": 0.9995061728395062, "MK": 0.9941918118713698, "YO": 0.9987983864046005, "EC": 0.9722222222222222, "BD": 0.9995813271927988, "CH": 0.9994578476551911, "LU": 0.9996342355523044, "PE": 0.9737812700449006, "TN": 0.9846296678357747, "SL": 0.979381443298969, "CM": 1.0, "LN": 0.9970288624787776, "G": 0.9998648648648648, "SW": 0.9962264150943396, "KY": 0.9990871748060246, "LS": 0.9827329192546583, "BS": 0.9982503280634881, "EH": 0.9993986770895971, "WV": 0.9428125, "LD": 1.0, "DH": 1.0, "TF": 0.9988512349224583, "SK": 0.9998790663925505, "PO": 0.9876323591698433, "HD": 0.8024625267665952, "SY": 0.9987731566678935, "SO": 0.9966659931299252, "HS": 0.9963898916967509, "DG": 1.0, "TD": 1.0, "DD": 0.9993222636394442, "FY": 1.0, "WS": 0.9642634531477249, "CF": 0.9985086342229199, "SS": 1.0, "B": 0.9267783790832627, "IP": 0.9987513964644805, "M": 1.0, "RG": 0.9961832061068703, "N": 0.9861362266425557, "RH": 0.9978024996566406, "LE": 0.98167284070969, "PH": 0.9876171352074966, "HA": 0.996415770609319, "NN": 0.9955416852429781, "UB": 0.9986859395532195, "TS": 0.9995889847924373, "NW": 0.996662958843159, "BR": 0.998814463544754, "BH": 0.9923718470301057}}