{"nominal": {"LE": 15172, "GU": 8997, "EX": 16559, "BH": 9764, "SM": 1041, "EH": 6747, "SY": 8317, "HA": 1392, "CA": 5706, "W": 720, "TR": 8474, "BN": 9824, "WR": 5655, "CW": 5443, "N": 1634, "B": 14232, "SL": 2855, "NE": 19920, "SWW": 37, "HG": 1967, "AL": 2442, "DY": 3801, "TF": 3492, "LS": 7948, "SE": 2047, "WD": 1531, "TA": 7408, "SWP": 2, "EN": 1643, "WCB": 2, "ECV": 8, "NN": 11210, "WU": 1, "TN": 9559, "WCV": 1, "MK": 7036, "SWE": 2, "BS": 15995, "PL": 16379, "WT": 3, "DG": 3172, "CF": 12771, "DA": 3938, "KA": 3732, "ST": 12212, "YO": 11831, "ECY": 14, "TW": 2068, "ECR": 2, "BL": 2764, "HU": 5727, "KT": 3529, "HD": 3062, "RH": 7277, "GL": 11674, "DH": 6275, "L": 8020, "M": 13577, "PE": 24559, "DN": 19024, "IV": 4170, "WV": 3024, "WA": 7948, "SK": 8290, "NP": 9455, "ECN": 5, "SWX": 3, "HR": 4440, "HX": 1676, "HS": 410, "FY": 2178, "CR": 1906, "OX": 8793, "WCH": 5, "LN": 7074, "RM": 3448, "TQ": 7151, "S": 23115, "WCR": 2, "IP": 15404, "UB": 1522, "RG": 9174, "ZE": 212, "SS": 4527, "ECA": 4, "NR": 16319, "NC": 5, "SWV": 7, "CH": 7397, "SO": 9877, "BR": 1685, "CV": 8314, "ECM": 2, "CO": 10492, "UNKNOWN": 16545, "CM": 8177, "LA": 4244, "TS": 9762, "WCE": 2, "WF": 8360, "BD": 4863, "PO": 11671, "NG": 17716, "DE": 11938, "G": 7441, "LD": 1419, "CB": 9605, "HP": 5080, "WN": 3805, "WW": 1, "WCN": 6, "WG": 2, "ML": 3332, "PH": 3042, "OL": 5009, "CT": 5790, "WS": 4650, "WH": 2, "AB": 7355, "BB": 6223, "SWA": 2, "SR": 5682, "SP": 4189, "DL": 7097, "PR": 6733, "E": 2478, "PA": 2870, "LL": 11210, "KW": 1788, "ME": 6117, "FK": 5445, "SN": 7053, "SA": 13186, "SW": 1538, "WCA": 8, "BA": 8258, "KY": 4463, "NW": 898, "DT": 4850, "DD": 3036, "EW": 4, "WCX": 7, "WJ": 2, "IG": 1310, "TD": 3405, "LU": 2735, "SG": 5744}, "percent": {"LE": 0.9820700368955919, "GU": 0.9996666666666667, "DY": 0.95025, "BH": 0.9923772741132229, "SM": 0.9923736892278361, "CF": 0.9991394148020654, "SY": 0.9987990873063528, "HA": 0.9964209019327129, "W": 0.995850622406639, "TN": 0.984651833539349, "WR": 0.9940235542274565, "CW": 1.0, "N": 0.9861194930597466, "B": 0.9268642136112015, "NE": 0.9896661367249603, "SWW": 1.0, "UB": 0.9986876640419947, "AL": 1.0, "EX": 0.9379743967372833, "TF": 0.9988558352402745, "LS": 0.9828119203660195, "SE": 0.9687647893989588, "WD": 0.9986953685583823, "TA": 0.8883559179757765, "SWP": 1.0, "WCB": 1.0, "CV": 0.8739619468096289, "NN": 0.9960902790119068, "WU": 1.0, "DN": 0.9989498004620878, "WA": 0.9862265789800223, "SWV": 1.0, "WCV": 1.0, "MK": 0.9942065847110357, "SWE": 1.0, "BS": 0.9982525120139799, "PL": 0.9962895377128954, "WT": 1.0, "DG": 1.0, "EH": 0.9994074951858983, "BD": 0.9995889003083248, "SG": 0.9930843706777317, "KA": 1.0, "ST": 0.9996725605762934, "YO": 0.9988180666948079, "ECY": 1.0, "TW": 0.9985514244326412, "ECR": 0.6666666666666666, "HU": 0.9998254189944135, "KT": 0.9985851726089418, "HD": 0.8057894736842105, "SR": 0.9998240366003871, "RH": 0.9978061154531743, "GL": 0.9960750853242321, "DH": 1.0, "M": 1.0, "PE": 0.9740610002776345, "DT": 0.9956887702730446, "IV": 0.9995206136145733, "WV": 0.9429373246024322, "SK": 0.9998793872874201, "NP": 0.9946349673890175, "ECN": 1.0, "PO": 0.9876449183379876, "WCX": 1.0, "WN": 1.0, "SWX": 1.0, "HR": 0.9990999099909991, "HX": 1.0, "KY": 0.9991045444369823, "FY": 1.0, "CR": 0.9984284965950759, "TR": 0.9958867081913269, "OX": 0.9797214484679666, "WCH": 1.0, "LN": 0.9970401691331924, "RM": 0.9979739507959479, "DA": 0.9661432777232581, "TQ": 0.997906782026235, "S": 0.9992218908053431, "WCR": 1.0, "WCA": 1.0, "L": 0.999875327265927, "WG": 1.0, "ZE": 1.0, "SS": 1.0, "ECA": 1.0, "NR": 0.9966410162452669, "NC": 1.0, "OL": 1.0, "CH": 0.9994595324956087, "SO": 0.996670030272452, "BR": 0.998814463544754, "ECV": 1.0, "ECM": 1.0, "CO": 0.95225993828281, "UNKNOWN": 1.0, "CM": 1.0, "LA": 0.9997644287396937, "TS": 0.9995904157280361, "WCE": 1.0, "WF": 0.9908735332464146, "BN": 0.9880317811525696, "CA": 0.9987747243129704, "DE": 0.9889818573440478, "CB": 0.9900020614306329, "HP": 0.9962737791723868, "LD": 1.0, "WW": 1.0, "WCN": 0.8571428571428571, "RG": 0.9961993701813443, "ML": 0.9996999699969997, "PH": 0.9886252843678908, "HG": 1.0, "CT": 0.9609958506224067, "WS": 0.9643301534632932, "WH": 1.0, "AB": 1.0, "BB": 0.9995181496948281, "SWA": 1.0, "LL": 0.9962673302523996, "SW": 0.9961139896373057, "SP": 0.9928893102630956, "DL": 0.9998591152437306, "PR": 0.9997030438010394, "E": 0.9892215568862276, "PA": 0.9993036211699164, "NG": 0.7992060269770379, "KW": 1.0, "ME": 0.9975538160469667, "FK": 0.9905402947062034, "SN": 0.9805366328374809, "SA": 0.9846176821983273, "SL": 0.9794168096054888, "IP": 0.9987680736562277, "BA": 0.9924287946160317, "HS": 0.9975669099756691, "NW": 0.9966703662597114, "BL": 0.9971139971139971, "WJ": 1.0, "DD": 0.9993416721527321, "EW": 1.0, "EN": 0.9993917274939172, "G": 0.999865627519484, "TD": 1.0, "LU": 0.9996345029239766, "IG": 0.9977151561309977}}